<MultiCellDS version="1.0.0" type="cell_line">
	<cell_line label="MDA-MB-231" ID="0">
		<metadata>
			<MultiCellDB>
				<ID>MCDS_L_0000000002</ID>
				<name>MDA_MB_231</name>
			</MultiCellDB>
			<description>
				Digital cell line for MDA-MB-231 cells, generated from ATCC/PS-ON data (see below for sources). These are Breast Adenocarcinoma (Mammary gland; Breast Cancer) cells. 
			</description>
			<citation>
				<text>
					If this digital cell line is used in a publication, cite it as:
					"We used digital cell line MDA_MB_231 [1] version 1.0 (MultiCellDB_ID: MCDS_L_0000000002), created with data and contributions from [2]."				
					[1] S. H. Friedman et al., MultiCellDS: a standard and a community for sharing multicellular data (2016, submitted)
					[2] Staunton, J.R., Fuhrmann, A., Ros, R. Mechanical Properties of MCF-10A and MDA-MB-231 Cells (PSON Wiki, Figure 2F)
				</text>			
				<URL>http://MathCancer.org</URL>
				<notes>S. H. Friedman et al., MultiCellDS: a standard and a community for sharing multicellular data (2016, submitted)</notes>
			</citation>
			<curation curated="true">  
				<created>2015-06-05T17:00:00-07:00</created>
				<last_modified>2016-11-29T11:00:00-08:00</last_modified>
				<classification>
					<classification_number>2.0.1.1</classification_number>
					<line>2</line>
					<variant>0</variant>
					<branch>1</branch>
					<version>1</version>
				</classification>
				<creator>
					<orcid-identifier>
						<path>0000-0001-8003-6860</path>
						<given-names>Samuel</given-names>		
						<family-name>Friedman</family-name>
						<email>samuelf@usc.edu</email>
						<url>http://MathCancer.org</url>
						<organization-name>University of Southern California</organization-name>
						<department-name>Center for Applied Molecular Medicine</department-name>
					</orcid-identifier>
				</creator>
				<current_contact>  
					<orcid-identifier>
						<path>0000-0002-9925-0151</path>
						<given-names>Paul</given-names>		
						<family-name>Macklin</family-name>
						<email>Paul.Macklin@usc.edu</email>
						<url>http://MathCancer.org</url>
						<organization-name>University of Southern California</organization-name>
						<department-name>Center for Applied Molecular Medicine</department-name>
					</orcid-identifier>
				</current_contact>
				<curator>  
					<orcid-identifier>
						<path>0000-0002-9925-0151</path>
						<given-names>Paul</given-names>		
						<family-name>Macklin</family-name>
						<email>Paul.Macklin@usc.edu</email>
						<url>http://MathCancer.org</url>
						<organization-name>University of Southern California</organization-name>
						<department-name>Center for Applied Molecular Medicine</department-name>
					</orcid-identifier>
				</curator>				
				<last_modified_by>
					<orcid-identifier>
        				<path>0000-0001-8003-6860</path>
        				<given-names>Samuel H.</given-names>               
        				<family-name>Friedman</family-name>
        				<email>samuelf@usc.edu</email>
        				<url>http://MathCancer.org</url>
        				<organization-name>University of Southern California</organization-name>
        				<department-name>Center for Applied Molecular Medicine</department-name>
    				</orcid-identifier>
				</last_modified_by>				
			</curation>
			<data_origins> 
				<data_origin>
					<citation>
						<URL>http://physics.cancer.gov/docs/bioresource/breast/NCI-PBCF-HTB26_MDA-MB-231_SOP-508.pdf</URL>
						<URL>http://physics.cancer.gov/bioresources/SOPs.aspx</URL>
					</citation>
				</data_origin>
			</data_origins>
			<data_analysis> 
				<URL>http://MathCancer.org</URL>
				<citation/>
			</data_analysis>
			<rights>
				<license>
					<LicenseDocument>
						<name>CC-BY 4.0</name>
						<URL>https://creativecommons.org/licenses/by/4.0/</URL>
					</LicenseDocument>
				</license>
			</rights>
			<custom>
				<organism>Homo sapiens</organism>
				<organ>Mammary gland; Breast</organ>
				<disease>adenocarcinoma - Pleural effusion </disease>
				<morphology>N/A</morphology>
			</custom>
		</metadata>	
		<phenotype_dataset ID="0" keywords="normoxic">
			<microenvironment>
				<domain>
					<variables>
						<variable type="concentration" ChEBI_ID="15379" name="oxygen" units="mmHg">
							<material_amount measurement_type="direct">160</material_amount>
						</variable>
					</variables>
				</domain>
			</microenvironment>			
			<phenotype type="expected">	
				<geometrical_properties>
					<lengths>
						<radius measurement_type="inferred" units="micron" uncertainty="0.756">
							8.875
						</radius>
					</lengths>
					
					<volumes>
						<total_volume measurement_type="inferred" units="micron^3" uncertainty="748">
							2928
						</total_volume>
					</volumes>
				</geometrical_properties>
				<mechanics>
					<poisson_ratio measurement_type="estimated" units="dimensionless">
						0.4
					</poisson_ratio>
					<youngs_modulus measurement_type="inferred" units="Pascals" uncertainty="3410">
						1270
					</youngs_modulus>
				</mechanics>
			</phenotype>
			<cell_part name="nucleus">
				<phenotype type="expected">
					<geometrical_properties>
						<lengths>
							<radius measurement_type="inferred" units="micron" uncertainty="0.52">
								5.09
							</radius>
						</lengths>
						<areas>
							<total_surface_area measurement_type="inferred" units="micron^2" uncertainty="53">
								229
							</total_surface_area>
						</areas>
						<volumes>
							<total_volume measurement_type="inferred" units="micron^3" uncertainty="170">
								553
							</total_volume>
						</volumes>
					</geometrical_properties>
					<mechanics>
						<poisson_ratio measurement_type="estimated" units="dimensionless">
							0.4
						</poisson_ratio>
						<youngs_modulus measurement_type="inferred" units="Pascals" uncertainty="2359">
							1090
						</youngs_modulus>
					</mechanics>
				</phenotype>
				<cell_part name="nucleolus">
					<phenotype type="expected">
						<geometrical_properties>
							<lengths>
								<radius measurement_type="inferred" units="micron" uncertainty="0.265">
									1.33
								</radius>
							</lengths>
							<volumes>
								<total_volume measurement_type="inferred" units="micron^3" uncertainty="5.85">
									9.77
								</total_volume>
							</volumes>
						</geometrical_properties>
						<mechanics>
							<poisson_ratio measurement_type="estimated" units="dimensionless">
								0.4
							</poisson_ratio>
							<youngs_modulus measurement_type="inferred" units="Pascals" uncertainty="1044">
								1585
							</youngs_modulus>
						</mechanics>
					</phenotype>				
				</cell_part>				
			</cell_part>
			<cell_part name="cytoplasm">
				<phenotype type="expected">
					<mechanics>
						<poisson_ratio measurement_type="estimated" units="dimensionless">
							0.4
						</poisson_ratio>
						<youngs_modulus measurement_type="inferred" units="Pascals" uncertainty="5279">
							1621
						</youngs_modulus>
					</mechanics>
				</phenotype>
			</cell_part>
		</phenotype_dataset>
	</cell_line>
</MultiCellDS>